experiment,brake,throttle,steer,overall
arch_best (master),0.9769,0.8386,0.8593,0.8916
phase-a,0.9776,0.8446,0.6718,0.8313
phase-b-1,0.9783,0.8464,0.8198,0.8815
phase-b-2,0.9758,0.8385,0.8599,0.8914
phase-b-3,0.9743,0.8211,0.8119,0.8691
phase-b-4,0.9773,0.8465,0.1529,0.6589
phase-b-5,0.9736,0.8297,0.8004,0.8679
phase-c-1,0.9765,0.8419,0.7991,0.8725
phase-c-2,0.9772,0.8447,0.5234,0.7818
phase-c-3,0.9783,0.8407,0.8364,0.8851
phase-d-1,0.977,0.8542,0.9076,0.9129
phase-d-2,0.976,0.8591,0.8728,0.9026
phase-e-1,0.9758,0.8393,0.8939,0.903
phase-e-2,0.9762,0.8466,0.9015,0.9081
phase-f-1,0.9751,0.8456,0.8802,0.9003
phase-f-2,0.9759,0.8758,0.9144,0.9221
phase-f-3,0.9762,0.8555,0.8844,0.9053
phase-g-1,0.9742,0.8529,0.9179,0.915
phase-g-2,0.9765,0.8467,0.9082,0.9104
